Nama,Harga,Stok
PAKET BEBAS PILIH STOP MEROKOK SEKARANG JUGA PREMIUM LIQUID VAPE VAPOR JUICENESIA 60ML MURAH NON NIC,20000,7373
Juicenesia Premium Liquid Vape,30000,3947
Ground Zero -  Premium Liquid Vape - Liquid Murah -Liquid  POD Liquid Salt Nic - Liquid  Saltnic,30000,37
ONIC - Promo Paket Hemat 5 Botol Premium Liquid Vape Vapor Murah,100000,8
O DRIP - Promo Paket Hemat 5 Botol Premium Liquid Vape Vapor Murah POD Friendly Salt Nic 0mg Non Saltnic,100000,44
Ground Zero - Promo Paket Hemat 5 Botol Premium Liquid Vape Murah POD Friendly Salt Nic 0mg Non Saltnic,100000,49
Promo Paket Hemat 5 Botol Liquid Non Nicotine Bebas Pilih - Liquid Vape - Liquid Pod - Liquid saltnic - Liquid Salt Nic,100000,99
ONIC Ice Cream Cone Strawberry - Promo Liquid Vape Vapor Murah,30000,6
ONIC Mint Tobacco - Promo Liquid Vape Vapor Rasa Rokok Murah,30000,4
ONIC Yakuld Mango - Promo Liquid Vape Vapor Yakult Yacult Murah,30000,4
OCEAN E LIQUID E JUICE 60ml 3mg GROSIR DAN ECER ISI ULANG ROKOK ELEKTRIK VAPE,15800,98867
Ground Zero -  Premium Liquid Vape - Liquid Murah -Liquid  POD Liquid Salt Nic - Liquid  Saltnic,30000,37
ONIC - Promo Paket Hemat 5 Botol Premium Liquid Vape Vapor Murah,100000,8
LIQUID VAPE BANANA LICIOUS BY EMKAY BREWER NIC 3  60ML,107000,58
SNAKE HEAD - Nutty Tiramishu Liquid Lokal 60ml vape vaporizer,93750,77
SNAKE HEAD - Blueberry Jam Liquid Lokal 60ml vape vaporizer plus bonus,93750,121
SNAKE HEAD - Nanachesla Liquid Lokal 60ml vape vaporizer,93750,95
SNAKE HEAD - Blueberry Jam Liquid Lokal 100ml vape vaporizer Eliquid,135000,56
SNAKE HEAD - Brownies Chocolate Liquid Lokal 60ml vape vaporizer,93750,68
Snake Head - Strawberry Donuts - 60ml Premium Liquid Vape Vapor Bonus,93750,22
O DRIP - Promo Paket Hemat 5 Botol Premium Liquid Vape Vapor Murah POD Friendly Salt Nic 0mg Non Saltnic,100000,44
RUNA - Strawberry Poundcake - 100ml Liquid Vape Vaporizer,128700,198
King of Cloud - Berries Poncake - 100ml Premium Liquid Vape Vaporizer,142450,299
SWTCH Venti - Strawberry Cheesecake - 100ml Liquid Vape Vaporizer,148000,70
SWTCH Venti - Blueberry Jam - 100ml Liquid Vape Vaporizer,148000,100
Niu Nai - Avogato - 100ml Premium Liquid Vape Vaporizer,148000,200
Frozen - Mango Peach - 100ml 0MG Liquid Vape Vapor Tanpa Nicotin,70000,100
Frozen - Grape Peach - 100ml 0MG Liquid Vape Vapor Tanpa Nicotin,70000,100
Rispek - 60ml 3mg Premium Liquid Vape Vaporizer,104000,100
Magnum Opus - Pop Star - 60ml 3mg liquid lokal vape vaporizer,115000,200
Frozen - Apple Peach - 100ml 0MG Liquid Vape Vapor Tanpa Nicotin,70000,100
Vaperstuff Hermes - Banana Complex - 60ml Premium Liquid Vape Vapor,114500,250
Crunchz Bar - Avocado - 100ml Premium Liquid Vape Vaporizer,148000,200
BLUnanarilla - 100ml Premium Liquid Vape Vaporizer,144400,200
MANGOPY - Frozen mango - 100ml Premium Liquid Vape Vaporizer,150000,100
AUTHENTIC DISTRICT ONE21 X MOVI SALTED CARAMEL PREMIUM LIQUID VAPE VAPOR,150000,279
Liquid Vape JUICENESIA 60ml ZERONIC KUALITAS PREMIUM,30000,93063
LIQUID VAPE MANGO KHALIFA BY KHALIFA BROTHERS 3 mg 60 ml,105000,10
Premium Liquid New Monster 100ml Nic 3MG Vape Vapor Murah,30000,687
Paket Ngebul IStick Pico + AWT 3000mAh + Liquid Vape,92700,888887
ONIC Strawberry Cheesecake - Promo Liquid Vape Vapor Murah,30000,4
ONIC Mango Orange Pineapple - Promo Liquid Vape Vapor Murah,30000,5
CUBE ZERO Orange - Promo Liquid Vape Murah Nic 0mg POD Friendly Saltnic Salt Nic,30000,1
O DRIP Lychee Mojito - Liquid Vape Vapor Murah Nic 0mg POD Friendly Saltnic Salt Nic,30000,5
GROUND ZERO Banana Roll Cake - Liquid Vape Murah Nic 0mg POD Friendly Saltnic Salt Nic,30000,8
GROUND ZERO Lychee Tea - Liquid Vape Murah Nic 0mg POD Friendly Saltnic Salt Nic,30000,10
ONIC Coffee Tobacco - Promo Liquid Vape Vapor Rasa Rokok Kopi Murah,30000,6
GROUND ZERO Choco Blaster - Liquid Vape Murah Nic 0mg POD Friendly Saltnic Salt Nic,30000,9
GROUND ZERO Grape Berries - Liquid Vape Murah Nic 0mg POD Friendly Saltnic Salt Nic,30000,9
CUBE ZERO Pineapple - Promo Liquid Vape Murah Nic 0mg POD Friendly Saltnic Salt Nic,30000,2
GROUND ZERO Bubblegum - Liquid Vape Murah Nic 0mg POD Friendly Saltnic Salt Nic,30000,9
GROUND ZERO Strawberry Lime - Liquid Vape Murah Nic 0mg POD Friendly Saltnic Salt Nic,30000,5
O DRIP Mango Bubblegum - Liquid Vape Vapor Murah Nic 0mg POD Friendly Saltnic Salt Nic,30000,3
O DRIP Milky Cookies - Liquid Vape Vapor Murah Nic 0mg POD Friendly Saltnic Salt Nic,30000,5
GROUND ZERO Double Apple - Liquid Vape Murah Nic 0mg POD Friendly Saltnic Salt Nic,30000,5
O DRIP Grape Bubblegum - Liquid Vape Vapor Murah Nic 0mg POD Friendly Saltnic Salt Nic,30000,10
GROUND ZERO Strawberry Custard - Liquid Vape Murah Nic 0mg POD Friendly Saltnic Salt Nic,30000,10
GROUND ZERO Orange Pineapple - Liquid Vape Murah Nic 0mg POD Friendly Saltnic Salt Nic,30000,10
O DRIP Choco Mint - Liquid Vape Vapor Murah Nic 0mg POD Friendly Saltnic Salt Nic,30000,5
GROUND ZERO Kiwi Berry - Liquid Vape Murah Nic 0mg POD Friendly Saltnic Salt Nic,30000,10
E Liquid Vapor Vape 60ml by Juve,28000,94
30ml essence / flavour import for e-liquid / vaping / vape / vapor,25000,944
DARK LUNA 3MG BY EMKAY BREWER I 60ML 3MG I PREMIUM VAPE LOKAL LIQUID I E-JUICE MURAH I E-LIQUID,110000,4807
Mango Khalifa 60ML Mangga E Liquid Vape Vapor,90000,177
E LIQUID QUEENIE SWEET MANGO RASA MANGGA REFILL VAPE RDA RDTA RTA BY KUSUMA VAPOR,60000,68
ICE SERIES MANGGO DUO 0MG 60ML - PREMIUM LIQUID VAPE BY SNAKE HEAD DVI,31900,952
BANANALICIOUS CMW BANANA LICIOUS I BANANA STRAWBERRY CREAM VANILLA I PREMIUM VAPE LOKAL LIQUID I LOCAL E-JUICE ELIQUID E-LIQUID,110000,7901
Bananalicious Banana Licious Premium Liquid Vapor Vape 60ml,109000,275
SMOK NORD POD SISTEM KIT VAPE BONUS LIQUID,125000,219
stop merokok sekarang juga liquid vape juicenesia 60 Non nicotine,30000,7874
Super Liquid Vape Murah Juicenesia 60ml,25000,8253
Strawberry freeze salt nic By Juice Cartel x Upods E Liquid vape vapor,65000,69
Liquid Vape vapor Yuck Fou 60ml not matcan juara hurun bomber oliver jawara ngeboel,30000,893
LIQUID POPEYE 30ML LIQUID Vape Cairan Rokok Elektrik,21000,59
Liquid Vape Pod Salt nic Murah Noska Non Nikotin 30ml,12000,7983
EXO Exotic Mango Mangga Premium Liquid Vape Vapor,65000,499
Paket Siap Pakai Ngebul Manto Mini Kit 90W by Rincoe - Baterai - Charger 1slot - Liquid Coil - Clone - Vape ,100000,33
EVOD PLUS LIQUID LIQUA 10ml VAPE VAPOR,27000,135
Liquid vape,10000,33
40ml refill vapor e-liquid liquid eliquid ejuice vape rokok elektrik,17000,9933
July X USA INGREDIENTS 60ml Premium Liquid Vape,30000,9446
LIQUID VAPE SWITCH IT STRAWBERRY FREEZE SALT NIC 30ML,60000,25
Juicenesia Premium Liquid Vape,30000,3947
Juicenesia 60ml Liquid Vape Vapor Zeronic Premium,30000,7879
PROMO vape ROKOK ELEKRIK siap NGEBUL RINCOE MANTO 228 watt RDA baterai liquid ,285000,374
Bananalicious Banana Cream Strawberry 60ml E Liquid Vapor Vape by CMW,112500,829
BERRYLICIOUS  Berry Licious Vape Liquid LOKAL PREMIUM,110000,32
100ml PREMIUM ELIQUID VAPORIZER VAPING VAPE LIQUID REFILL 100 ml refil,35000,5537
Mango Khalifa 60ML Mangga E Liquid Vape Vapor Mangga E Juice,94500,9611
Iceberg by HEX Premium Liquid Minty Mango Salsa E Juice Vapor Vape,82000,169
O DRIP Baby Caramel - Liquid Vape Vapor Murah Nic 0mg POD Friendly Saltnic Salt Nic,30000,5
Onic - Promo Premium Liquid Vape Vapor Murah POD Friendly Salt Nic 0mg Non Saltnic,100000,8
GROUND ZERO Mango Peach - Liquid Vape Murah Nic 0mg POD Friendly Saltnic Salt Nic,30000,10
O DRIP Strawberry Milk - Liquid Vape Vapor Murah Nic 0mg POD Friendly Saltnic Salt Nic,30000,5
GROUND ZERO Melon Shake - Liquid Vape Murah Nic 0mg POD Friendly Saltnic Salt Nic,30000,10
GROUND ZERO Vanilla Custard Cake - Liquid Vape Murah Nic 0mg POD Friendly Saltnic Salt Nic,30000,10
Float Drips Caramel Cereal - Liquid Vape Vapor Murah 100ml BUKAN Oat Drips,55000,50
GROUND ZERO Freeze Cola - Liquid Vape Murah Nic 0mg POD Friendly Saltnic Salt Nic,30000,10
GROUND ZERO Strawberry Popcorn - Liquid Vape Murah Nic 0mg POD Friendly Saltnic Salt Nic,30000,10
ONIC Mango Kiwi - Promo Liquid Vape Vapor Murah Liquid Pod saltnic salt nic,30000,5
ONIC Mango Kiwi - Promo Liquid Vape Vapor Murah Liquid Pod saltnic salt nic,30000,5
O DRIP Banana Honeydew Cream - Liquid Vape Vapor Murah Nic 0mg POD Friendly Saltnic Salt Nic,30000,5
GROUND ZERO Freeze Cola - Liquid Vape Murah Nic 0mg POD Friendly Saltnic Salt Nic,30000,10
ONIC VanBerry Waffle - Promo Liquid Vape Vapor Murah Liquid Pod Saltnic Salt Nic,30000,6
ONIC Grape Apple - Promo Liquid Vape Vapor Murah Liquid Pod Saltnic Salt Nic,30000,5
GROUND ZERO Blackcurrant Tea - Liquid Vape Murah Nic 0mg POD Friendly Saltnic Salt Nic,30000,10
O DRIP Choco Banana Latte - Liquid Vape Vapor Murah Nic 0mg POD Friendly Saltnic Salt Nic,30000,5
LIQUID ONIC - Promo Premium Liquid Vape Vapor Murah POD Friendly Salt Nic 0mg Non Saltnic,30000,100
LIQUID PROMO ODRIP - NON NIC - LIQUID MURAH - LIQUID VAPE - LIQUID POD - LIQUID PREMIUM - LIQUID FRUITY - LIQUID CREAMY -  SALT NIC - SALTNIC,100000,49
LIQUID VAPE - LIQUID MURAH - LIQUID PREMIUM - LIQUID FRUITY - LIQUID DINGIN - VAPOR NGEBOEL - ICE GRAPE,75000,79
KUY AIO Pod HYBRID CARTRIDGE Coil Koil Pods Replacement Vapor REFILL Liquid Vape FREEBASE SALTNIC Pengganti Pods,28000,464
Exo Mango Manggo Mangga Premium Liquid Murah Vape 60ml 3mg,69000,902
ICEBERG MANGO SALSA CUKAI 3mg 60mL Premium Liquid Vape Murah ICE BERG HEX,85000,57
ALACARTE ALA CARTE CREAM POUNDCAKE 100ML BY JUICENATION I PREMIUM VAPE LOKAL LOCAL LIQUID E-JUICE E-LIQUID,155000,4983
Honeydew mango blackcurrant Khalifa Premium Liquid 60ml 3mg Vape vape,90000,199
PAKET HEMAT 50 BOTOL LIQUID VAPE 60ML YUCKFOU PREMIUM MURAH ELIQUID CREAMY FRUITY COKLAT GRAPE FREEBASE POD,400,56
Liquid A La Carte 3Mg 120ML Liquid Ala Carte Liquid Alacarte Vape not jam monster bananarilla liquid cream V,145000,9989
Grosir Liquid Vape Noska Non Nicotine 60ml murah,15000,8501
LCV JUICE TIRAMISU 60ML BY KING BREWERY PREMIUM E LIQUID VAPE VAPOR,58000,8748
HARGA BIGSALE liquid vape NOTHERO PREMIUM 60ml Non nicotin,20000,909
Bananalicious Salt nic Banana licious licius E Liquid Vape Vapor,80000,73
LCV STRAWBERRY 6MG POUNDCAKE 60ML STRAW KING BREWERY E LIQUID VAPE,58000,939
Blck Bvll - Black Bull Liquid Vapor High VG Vape Trick Ejuice Non Nicotine Refill Rokok Elektrik Promo Murah,15400,839
Rokok elektrik EVOD Plus LIQUID LIQUA Vape Atau Vapor,30000,496
LIQUID POPEYE 60 ML CAIRAN VAPE VAPOR ROKOK ELEKTRIK,18000,96
LIQUID VAPE OAT DRIPS Rasa oat milk by JVS X STEAM QUEEN JUICE DRIP,179900,10
Promo Paket Hemat 5 Botol Premium Liquid Vape Murah POD Friendly Salt Nic 0mg Non Saltnic,100000,38
EXO Exotic Mango Mangga Premium Liquid Vape Vapor By Monk,72000,897
liquid liqua 10ml fruity dan creamy untuk vape vaporizer,3800,9009
PROMO E JUICE LIQUID VAPE VAPOR LOKAL MURAH 60 ML 60ML NIC 3MG 0MG,30000,8596
SENSO TOBACCO 6MG all black series premium tembakau 30ml liquid vapor vape refill rokok elektrik mod rda druga dead rabbit icon goon therion voopoo,80000,99804
15 ml Nikotin Cair vaporizer / Liquid Nicotine DIY vape e-liquid,33000,4992
ALA CARTE Cream Pound Cake 100ml by Juice Nation Liquid Vape Premium,140000,136
PAKET BEBAS PILIH LIQUID VAPE 60ML BEBAS PILIH RASA WAJIB BACA DESKRIPSI,20000,8014
LCV STRAWBERRY POUNDCAKE 60ML STRAW BY KING BREWERY E LIQUID VAPE,58000,978
LCV Tiramisu 60Ml by King Brewery E Liquid LCV Juice Vapor Vape,58000,84
EXO Exotic Mango Mangga Premium Liquid Vape Vapor,65000,57
PAKET NGEBUL RINCOE MANTO MINI 90 WATT FREE BATERAI LIQUID 60 ML KAWAT KAPAS VAPE VAPOR,145000,395
ICEBERG KIWI BERRY CUKAI 3mg 60mL Premium Liquid Vape Murah ICE BERG HEX,85000,68
LCV BERRY CHEESECAKE 60ML BY KING BREWERY CHEESE CAKE E LIQUID VAPE,58000,9601
NGEBOEL BLACKCURRANT - LIQUID VAPE MURAH - LIQUID PREMIUM - LIQUID FRUITY DINGIN - LIQUID MINT,75000,85
LIQUID VAPE - LIQUID MURAH - LIQUID PREMIUM - LIQUID CREAMY - LIQUID POD  - LIQUID 0 MG  - O DRIP MILKY COOKIES,30000,60
PROMO LIQUID - LIQUID VAPE - LIQUID MURAH - LIQUID PREMIUM - LIQUID CREAMY - THE KING - BANANA CARAMEL PEANUT BUTTER,150000,47
LIQUID VAPE - LIQUID MURAH - LIQUID PREMIUM - LIQUID FRUITY DINGIN - LIQUID POD  - LIQUID 0 MG  - O DRIP MANGO BUBBLEGUM,30000,62
PROMO LIQUID - LIQUID VAPE - LIQUID MURAH - LIQUID PREMIUM - LIQUID FRUITY - LIQUID DINGIN - CHUBBY CHIMPS - STRAWBERRY PINEAPPLE,120000,91
LIQUID VAPE - LIQUID MURAH - LIQUID PREMIUM - LIQUID FRUITY DINGIN - LIQUID POD  - LIQUID 0 MG  - O DRIP LYCHEE MOJITO,30000,71
LIQUID VAPE - LIQUID MURAH - LIQUID PREMIUM - LIQUID CREAMY - LIQUID 0 MG - OMG BANANA CARAMEL,30000,56
LIQUID VAPE - LIQUID MURAH - LIQUID PREMIUM - LIQUID CREAMY - LIQUID 0 MG - OMG - COFFEE ORIGINAL,30000,73
LIQUID VAPE - LIQUID MURAH - LIQUID PREMIUM - LIQUID CREAMY - LIQUID 0 MG - ONIC STRAWBERRY CHEESECAKE,30000,52
LIQUID VAPE - LIQUID MURAH - LIQUID PREMIUM - LIQUID CREAMY - LIQUID 0 MG - OMG TIRAMISU CAKE,30000,65
LIQUID VAPE - LIQUID MURAH - LIQUID PREMIUM - LIQUID CREAMY - LIQUID 0 MG - OMG - COFFEE CAPPUCCINO,30000,63
LIQUID VAPE - LIQUID MURAH - LIQUID PREMIUM - LIQUID CREAMY - LIQUID 0 MG - OMG - COFFEE LATTE,30000,71
LIQUID VAPE - LIQUID MURAH - LIQUID PREMIUM - LIQUID CREAMY - LIQUID 0 MG - ONIC COFFEE TOBACCO,30000,42
LIQUID VAPE - LIQUID MURAH - LIQUID PREMIUM - LIQUID CREAMY - LIQUID 0 MG - OMG FRESH MILK,30000,70
LIQUID VAPE - LIQUID MURAH - LIQUID PREMIUM - LIQUID CREAMY - LIQUID 0 MG - OMG MIX BERRIES,30000,68
LIQUID VAPE - LIQUID MURAH - LIQUID PREMIUM - LIQUID CREAMY - LIQUID 0 MG - OMG KLAPPERTAART,30000,69
LIQUID VAPE - LIQUID MURAH - LIQUID PREMIUM - LIQUID CREAMY - LIQUID 0 MG - OMG TIRAMISU CAKE,30000,65
LIQUID VAPE - LIQUID MURAH - LIQUID PREMIUM - LIQUID CREAMY - LIQUID 0 MG - ONIC VANBERRY WAFFLE,30000,53
LIQUID VAPE - LIQUID MURAH - LIQUID PREMIUM - LIQUID CREAMY - LIQUID 0 MG - OMG CHOCO WAFFLE,30000,68
LIQUID VAPE - LIQUID MURAH - LIQUID PREMIUM - LIQUID CREAMY - LIQUID 0 MG - ONIC ESPRESSO,30000,60
PUBLIC TOKYO LYCHEE 15ML 30MG SALT NIC I PREMIUM VAPE PODS E LIQUID,60000,4550
stop merokok sekarang juga Liquid vape Yuck Fou 60ml Zeronic,30000,2744
ICEBERG BLACKDEW BLACKCURRANT HONEYDEW 60ML by HEX Liquid Vape Vapor,82000,173
Liquid Vape JUST FREEDOM 30ML PREMIUM ZERONIC,14000,633
LIQUID VAPE - ROKOK ELEKTRIK 10 ML  LIQUA ,7500,9576
Iceberg by HEX Premium Liquid Minty Mango Salsa E Juice Vapor Vape,82000,990
Dark Luna 60ML Emkay by Clone Inc Premium Liquid Vape Vapor Lokal,105000,153
PAKET HEMAT 50 BOTOL LIQUID VAPE 60ML YUCKFOU PREMIUM MURAH ELIQUID CREAMY FRUITY COKLAT GRAPEA1 FREEBASE POD,1600,184
LIQUID SALT NIC iSWTCH  By MOVI VAPE VAPOR,68000,85
Ground Zero - Promo Paket Hemat 5 Botol Premium Liquid Vape Murah POD Friendly Salt Nic 0mg Non Saltnic,100000,18
Dark Luna by Clone Inc Emkay Premium Liquid Strawberry Cheesecake Vape,110000,9455
LIQUID iSWTCH GOLD WINE SERIES SALT NIC CLOSED SYSTEM POD VAPE,76000,18
PAKET BEBAS PILIH RASA DAN MERK PREMIUM LIQUID VAPE VAPOR E LIQUID 60ML MURAH NON NIC,20000,99281
Honeydew Khalifa 60ML Melon E Liquid Vape Vapor Melon Khalifa,94500,9678
Paket Siap Ngebul Vape IStick Pico + Baterai AWT 3000mAh + Liquid,92700,8883
NEEDLE BOTTLE 15ML - UNTUK ISI LIQUID KE PODS VAPE,6000,197
Liquid Vape Vapor Dingin Mint Non Nicotine Refill Rokok Elektrik Blck Bvll Black Bull,17400,268
Ground Zero - Liquid Vape - Liquid Murah -Liquid POD Liquid Salt Nic - Liquid Saltnic,1800,47
Blackwood Tobacco Strawberry Vanilla by Don Cuan Liquid Eliquid E-liquid vape not bananalicious dark luna,99900,470
ALA CARTE Cream Pound Cake 100ml by Juice Nation Liquid Vape Vapor Juicenationco,145000,982
Promo - Paket Ngebul IStick Pico & AWT 3000mAh & Liquid Vape,110000,496
LCV MANGO MAGIC 60ML BY KING BREWERY PREMIUM LIQUID VAPE VAPOR,58000,977
Grappy Grapy Grape Apple Juice 60ml Premium Liquid Vape Vapor by CMW,95000,819
LIQUID ALA CARTE CREAM BISCUIT STRAWBERY A LA CARTE LIQUID VAPE VAPOR BY JUICENATION,165000,45
Real salt nic mint ice blast By vape Revolution - 9 naga Premium Liquid salt nic,108000,273
EXO GRAPE BY MONK 60ML 3MG ANGGUR PREMIUM E LIQUID VAPE VAPOR EJUICE,69000,9083
PAKET SIAP KEBUL VAPE TESLA TERMINATOR KIT 90W  with RDA BONUS BATRE DAN LIQUID VAPING VAPOR,199000,9996
Bananalicious Banana Cream Strawberry 6MG E Liquid Vapor Vape by CMW,109000,840
ALA CARTE CREAM BANANA 3MG YELLOW 100ML E LIQUID ALACARTE VAPE VAPOR,145000,985
Liquid Vape Freebase Milky Lover 0mg 60ml Enak Murah Grosir,15000,9462
LIQUID VAPE - LIQUID MURAH - LIQUID PREMIUM - LIQUID CREAMY - LIQUID 0 MG - OMG CHOCO CREAM,30000,70
LIQUID VAPE - LIQUID MURAH - LIQUID PREMIUM - LIQUID CREAMY - LIQUID 0 MG - ONIC FRUIT LOOP,30000,65
LIQUID VAPE - LIQUID MURAH - LIQUID PREMIUM - LIQUID CREAMY - LIQUID 0 MG - OMG POPCORN,30000,76
LIQUID VAPE - LIQUID MURAH - LIQUID PREMIUM - LIQUID DINGIN - VAPOR NGEBOEL - CANDY GUM,75000,34
LIQUID PROMO - LIQUID VAPE - LIQUID MURAH - LIQUID PREMIUM - LIQUID FRUITY - LIQUID CREAMY - LIQUID 0 MG - OMG PREMIUM LIQUID,100000,12
LIQUID VAPE - LIQUID MURAH - LIQUID PREMIUM - FRUITY DINGIN - POD FRIENDLY - LIQUID 0 MG - CUBE ZERO GRAPE - SALT NIC - SALTNIC,30000,42
LIQUID VAPE - LIQUID MURAH - LIQUID PREMIUM - LIQUID FRUITY DINGIN - LIQUID POD  - LIQUID 0 MG  - GROUND ZERO BUBBLE GUM,30000,96
LIQUID PROMO - LIQUID VAPE - LIQUID MURAH - LIQUID PREMIUM - LIQUID FRUITY - LIQUID CREAMY - LIQUID 0 MG - ONIC,100000,5
LIQUID VAPE - LIQUID MURAH - LIQUID PREMIUM - FRUITY DINGIN - POD FRIENDLY - LIQUID 0 MG - CUBE ZERO ORANGE - SALT NIC - SALTNIC,30000,48
LIQUID VAPE - LIQUID MURAH - LIQUID PREMIUM - FRUITY DINGIN - POD FRIENDLY - LIQUID 0 MG - CUBE ZERO PEPPERMINT - SALT NIC - SALTNIC,30000,44
LIQUID VAPE - LIQUID MURAH - LIQUID PREMIUM - FRUITY DINGIN - POD FRIENDLY - LIQUID 0 MG - CUBE ZERO ORANGE - SALT NIC - SALTNIC,30000,48
LIQUID VAPE - LIQUID MURAH - LIQUID PREMIUM - LIQUID TOBACCO - LIQUID DINGIN - CREAMY - MINT - LIQUID 0 MG - ONIC MINT TOBACCO,30000,39
LIQUID VAPE - LIQUID MURAH - LIQUID PREMIUM - LIQUID CREAMY - LIQUID 0 MG - OMG VANILLA SOFT CAKE,30000,73
LIQUID VAPE - LIQUID MURAH - LIQUID PREMIUM - LIQUID FRUITY - LIQUID DINGIN - LIQUID 0 MG - ONIC GRAPE APPLE,30000,55
LIQUID VAPE - LIQUID MURAH - LIQUID PREMIUM - LIQUID CREAMY - POD FRIENDLY  - LIQUID  0 MG - GROUND ZERO MELON SHAKE - SALT NIC,30000,63
LIQUID VAPE - LIQUID MURAH - LIQUID PREMIUM - LIQUID FRUITY DINGIN - LIQUID 0 MG - LIQUID POD - GROUND ZERO MANGO PEACH - SALT NIC,30000,72
LIQUID VAPE - LIQUID MURAH - LIQUID PREMIUM - FRUITY DINGIN - POD FRIENDLY - LIQUID 0 MG - CUBE ZERO LYCHEE - SALT NIC - SALTNIC,30000,54
LIQUID VAPE - LIQUID MURAH - LIQUID PREMIUM - FRUITY DINGIN - POD FRIENDLY - LIQUID 0 MG - CUBE ZERO MANGO - SALT NIC - SALTNIC,30000,52
LIQUID VAPE - LIQUID MURAH - LIQUID PREMIUM - FRUITY DINGIN - POD FRIENDLY - LIQUID 0 MG - CUBE ZERO WATERMELON - SALT NIC - SALTNIC,30000,50
LIQUID VAPE - LIQUID MURAH - LIQUID PREMIUM - LIQUID CREAMY - LIQUID POD  - LIQUID 0 MG - GROUND ZERO KING DURIAN - SALT NIC,30000,74
PROMO LIQUID - LIQUID VAPE - LIQUID MURAH - LIQUID PREMIUM - LIQUID CREAMY - THE KING - BANANA CARAMEL PEANUT BUTTER,150000,273
120ml essence / flavour import for e liquid / vape / vaping /vapor,80000,935
TERBARU LIQUID POPEYE 30ML LIQUID VAPE CAIRAN ROKOK ELEKTRIK,15000,552
S BWAHHH V2O ES BUAH BY MILF LIQUID VAPOR VAPE,70000,49
Vape Nyamuk Liquid Elektrik Set 45 Malam Promo,19500,124
PAKET NGEBUL Vape Eleaf Istick Pico Rokok Elektrik 75W bonus BATERE AWT 3000MAH dan LIQUID vapor vaping,142000,9982
WHITE ALA CARTE Cream Custard 100ML Liquid Vape Vapor,140000,101
Dark Luna 60ML 6mg Emkay by Clone Inc Premium Liquid Vape Vapor Lokal,110000,999
NYX SALTNIC Hero57  MANGO RASPBERRY ICE CREAM PREMIUM LIQUID VAPE VAPOR Pods Pod Liquid,60000,55
15 ml essence import KH-Roberts / diy vape e-liquid,25000,6051
LIQUID EXO MANGO BY MONK 60ML NIC 3MG VAPE VAPOR MANGGA MURAH PREMIUM VAPING,75000,9671
Honeydew Khalifa 60ML Melon E Liquid Vape Vapor,90000,166
paket siap ngebul istick pico-vape istick pico free liquid  plus baterai,100000,92
Nocloud No Cloud salt nic - Freezy Grape By Rhomedal E Liquid Vape Vapor,70000,399
Oat Drip Drips By Steamqueenjuice x JVS E Liquid Vape,170000,49
Liquid Vape Premium Coffe Robusta Roasted 100ml,30000,1963
LCV MANGO MAGIC 60ML By King Brewery Premium E Liquid Vapor Vape,58000,110
LIQUID PROMO - LIQUID VAPE - LIQUID MURAH - LIQUID PREMIUM - LIQUID FRUITY - LIQUID CREAMY - LIQUID 0 MG - POD FRIENDLY - GROUND ZERO - SALT NIC,100000,8
ALACARTE ALA CARTE CREAM BANANA 100ML BY JUICENATION I PREMIUM VAPE LOKAL LOCAL LIQUID E-JUICE E-LIQUID,150000,4990
INDOBREW DUA BLUEBERRY BUTTER TOAST 100ML PREMIUM VAPE LOKAL E LIQUID,155000,4872
PAKET BEBAS PILIH STOP MEROKOK SEKARANG JUGA PREMIUM LIQUID VAPE VAPOR JUICENESIA 60ML MURAH NON NIC,20000,7373
Salt Nic Cloud EJuice Coffe 15ml 20mg liquid vape pods cukai coffee,30000,193
Magic BLUEBERRY BUBBLEGUM 60ML 3mg Premium Liquid Permen Karet Gum Bluberi dingin mint menthol chiller NOT pod pods suorin salt Daily Vape,70000,4799
PAKET LENGKAP SIAP NGBUL RINCOE MANTO MINI 90 WATT FREE BATERAI LIQUID VAPE VAPOR,145000,85
NGEBOEL BEAST 60ML - 3mg - e-Liquid vape strawberry cheesecake banana,59900,100
BERRYLICIOUS Berry Licious Vape Liquid LOKAL PREMIUM,115000,53
Ecoo eco salt nic - crest - mango lassy - melon - E Liquid Vape Vapor,70000,79
Liquid Vape 60ML 3MG  KING MANGO By Bomber Ejuice Premium Liquid,30000,226
Rokok elektrik EVOD Plus LIQUID LIQUA Vape Atau Vapor Mini,30000,457
Manhattan jersey Tobacco cappuccino E Liquid Vape Vapor,110000,95
LIQUID VAPE - LIQUID MURAH - LIQUID PREMIUM - LIQUID CREAMY - LIQUID POD  - LIQUID 0 MG  - GROUND ZERO CHOCO BLASTER - SALT NIC,30000,72
LIQUID VAPE - LIQUID MURAH - LIQUID PREMIUM - LIQUID CREAMY - LIQUID POD  - LIQUID 0 MG  - GROUND ZERO VANILLA CUSTARD CAKE,30000,75
LIQUID VAPE - LIQUID MURAH - LIQUID PREMIUM - LIQUID CREAMY - LIQUID 0 MG - ONIC ICE CREAM CONE STRAWBERRY,30000,59
LIQUID VAPE - LIQUID MURAH - LIQUID PREMIUM - FRUITY DINGIN - POD FRIENDLY - LIQUID 0 MG - CUBE ZERO HONEYDEW - SALT NIC - SALTNIC,30000,52
LIQUID VAPE - LIQUID MURAH - LIQUID PREMIUM - LIQUID CREAMY - LIQUID POD FRIENDLY - LIQUID 0 MG - GROUND ZERO STRAWBERRY POPCORN - SALT NIC - SALTNIC,30000,73
LIQUID VAPE - LIQUID MURAH - LIQUID PREMIUM - FRUITY DINGIN - POD FRIENDLY - LIQUID 0 MG - CUBE ZERO APPLE - SALT NIC - SALTNIC,30000,51
LIQUID VAPE - LIQUID MURAH - LIQUID PREMIUM - LIQUID FRUITY DINGIN - LIQUID 0 MG - ONIC MANGO ORANGE PINEAPPLE,30000,65
LIQUID VAPE - LIQUID MURAH - LIQUID PREMIUM - FRUITY DINGIN - POD FRIENDLY - LIQUID 0 MG - CUBE ZERO KIWI - SALT NIC - SALTNIC,30000,52
LIQUID VAPE - LIQUID MURAH - LIQUID PREMIUM - LIQUID FRUITY - LIQUID DINGIN - LIQUID 0 MG - ONIC MANGO KIWI,30000,55
LIQUID VAPE - LIQUID MURAH - LIQUID PREMIUM - LIQUID CREAMY - LIQUID 0 MG - OMG BLUEBERRY SOFT CAKE,30000,76
